year,collection_round,sub_basin,Total
2018,1,Hangang_Goyang,217
2018,1,Hyeongsangang,150
2018,1,Suyeonggang,290
2018,1,Saemangeum(jiksocheon),115
2018,1,Gangjeonggoryeongbo(nakdongwaegwan),173
2018,1,Namgang,218
2018,1,Seomjingokseong,153
2018,1,Geumhogang,223
2018,1,Gapcheon,153
2018,1,Yeongsangang_Hagueon,76
2018,1,Changnyeonghapcheonbo(nakdonggoryeong),161
2018,1,Gamcheon,181
2018,1,Soyanggang,104
2018,1,Namhaedo,196
2018,1,Geumsanmyeon,49
2018,1,Tamjingang,221
2018,1,Watancheon,191
2018,1,Daeho_Seawall,115
2018,1,Yeongsangang_Sangryu,201
2018,1,Byeongseongcheon,99
2018,1,Geojedo,149
2018,1,Hangang_Jamsil,149
2018,1,Imjingangharyu,35
2018,1,Gangreung_Namdaecheon,210
2018,1,Chungjudaem,256
2018,1,Seomjingang_Seonamhae,282
2018,1,Hantangang,191
2018,1,Daecheongdaem,125
2018,1,Yeongsangang_Haryu,157
2018,1,Jejunamhae,34
2018,1,Yeongamcheon,165
2018,1,Imjingangsangryu,131
2018,1,Gahwacheon,260
2018,1,Hangang_Seoul,212
2018,1,Mihocheon,138
2018,1,Jujincheon,251
2018,1,Muju_Namdaecheon,132
2018,1,Inbukcheon,111
2018,1,Daejongcheon,120
2018,1,Sunchang,203
2018,1,Hwanggang,141
2018,1,Hoecheon,154
2018,1,Uiamdaem,186
2018,1,Gomakwoncheon,185
2018,1,Jejuseohae,41
2018,1,Sihwaho,100
2018,1,Seomjingang_Haryu,255
2018,1,Anseongcheon,229
2018,1,Geumgang_Gongju,312
2018,1,Dongjingang,185
2018,1,Namhangangharyu,309
2018,1,Naeseongcheon,206
2018,1,Pyeongchanggang,201
2018,1,Nonsancheon,188
2018,1,Sapgyocheon,219
2018,1,Isacheon,299
2018,1,Jejubukhae,42
2018,1,Samcheokosipcheon,159
2018,1,Yeosusi,72
2018,1,Juamdaem,243
2018,1,Cheongpyeongdaem,189
2018,1,Geumgang_Hagueon,147
2018,1,Yeongsangang_Jungryu(juksanbo),163
2018,1,Hapcheondaem,174
2018,1,Geumgang_Seohae,184
2018,1,Hangang_Seohae,130
2018,1,Jiseokcheon,244
2018,1,Nakdongchangnyeong,149
2018,1,Yocheon,173
2018,1,Nakdongsangju,174
2018,1,Jindo,176
2018,1,Sinangun,12
2018,1,Hongcheongang,217
2018,1,Mangyeonggang,294
2018,1,Yeonggang,149
2018,1,Nakdonggang_Namhae,304
2018,1,Namgangdaem,257
2018,1,Chuncheondaem,204
2018,1,Andongdaem,148
2018,1,Nakdongmilyang,170
2018,1,Chungjudaemharyu,101
2018,1,Daecheongdaemsangryu,110
2018,1,Wicheon,177
2018,1,Gyeongancheon,167
2018,1,Chogang,138
2018,1,Boseonggang,171
2018,1,Hoeyagang,124
2018,1,Wangpicheon,326
2018,1,Sueocheon,269
2018,1,Yeongdeokosipcheon,238
2018,1,Imhadaem,229
2018,1,Taehwagang,149
2018,1,Seomjingang_Daem,220
2018,1,Paldangdaem,29
2018,1,Hwangryonggang,212
2018,1,Gumibo(nakdonggumi),122
2018,1,Seomjingang_Daemharyu,139
2018,1,Yangyang_Namdaecheon,361
2018,1,Nakdonggang_Hagueon,161
2018,1,Yeongdongcheon,161
2018,1,Andongdaemharyu,229
2018,1,Milyanggang,229
2018,1,Yongdamdaemharyu,89
2018,1,Namhangangsangryu,157
2018,1,Yongdamdaem,148
2018,1,Wando,158
2018,1,Seomgang,142
2018,1,Pyeonghwauidaem,56
2018,1,Osucheon,203
2018,1,Bunam_Seawall,36
2018,1,Daecheongdaemharyu,58
2018,1,Dalcheon,198
2018,1,Bocheongcheon,136
2018,2,Hangang_Goyang,206
2018,2,Hyeongsangang,164
2018,2,Suyeonggang,296
2018,2,Saemangeum(jiksocheon),133
2018,2,Gangjeonggoryeongbo(nakdongwaegwan),186
2018,2,Namgang,221
2018,2,Seomjingokseong,164
2018,2,Geumhogang,218
2018,2,Gapcheon,149
2018,2,Yeongsangang_Hagueon,78
2018,2,Changnyeonghapcheonbo(nakdonggoryeong),174
2018,2,Gamcheon,176
2018,2,Soyanggang,115
2018,2,Namhaedo,200
2018,2,Geumsanmyeon,65
2018,2,Tamjingang,195
2018,2,Watancheon,184
2018,2,Daeho_Seawall,131
2018,2,Yeongsangang_Sangryu,184
2018,2,Byeongseongcheon,65
2018,2,Geojedo,165
2018,2,Hangang_Jamsil,137
2018,2,Imjingangharyu,40
2018,2,Gangreung_Namdaecheon,236
2018,2,Chungjudaem,213
2018,2,Seomjingang_Seonamhae,285
2018,2,Hantangang,175
2018,2,Daecheongdaem,100
2018,2,Yeongsangang_Haryu,144
2018,2,Jejunamhae,24
2018,2,Yeongamcheon,138
2018,2,Imjingangsangryu,103
2018,2,Gahwacheon,242
2018,2,Hangang_Seoul,197
2018,2,Mihocheon,159
2018,2,Jujincheon,259
2018,2,Muju_Namdaecheon,131
2018,2,Inbukcheon,106
2018,2,Daejongcheon,148
2018,2,Sunchang,159
2018,2,Hwanggang,156
2018,2,Hoecheon,158
2018,2,Uiamdaem,182
2018,2,Gomakwoncheon,169
2018,2,Jejuseohae,34
2018,2,Sihwaho,103
2018,2,Seomjingang_Haryu,252
2018,2,Anseongcheon,213
2018,2,Geumgang_Gongju,319
2018,2,Dongjingang,198
2018,2,Namhangangharyu,292
2018,2,Naeseongcheon,128
2018,2,Pyeongchanggang,161
2018,2,Nonsancheon,178
2018,2,Sapgyocheon,240
2018,2,Isacheon,346
2018,2,Jejubukhae,20
2018,2,Samcheokosipcheon,145
2018,2,Yeosusi,94
2018,2,Juamdaem,224
2018,2,Cheongpyeongdaem,187
2018,2,Geumgang_Hagueon,147
2018,2,Yeongsangang_Jungryu(juksanbo),153
2018,2,Hapcheondaem,178
2018,2,Geumgang_Seohae,233
2018,2,Hangang_Seohae,134
2018,2,Jiseokcheon,211
2018,2,Nakdongchangnyeong,173
2018,2,Yocheon,169
2018,2,Nakdongsangju,82
2018,2,Jindo,201
2018,2,Sinangun,10
2018,2,Hongcheongang,220
2018,2,Mangyeonggang,266
2018,2,Yeonggang,137
2018,2,Nakdonggang_Namhae,296
2018,2,Namgangdaem,234
2018,2,Chuncheondaem,210
2018,2,Andongdaem,121
2018,2,Nakdongmilyang,182
2018,2,Chungjudaemharyu,103
2018,2,Daecheongdaemsangryu,88
2018,2,Wicheon,187
2018,2,Gyeongancheon,190
2018,2,Chogang,134
2018,2,Boseonggang,163
2018,2,Hoeyagang,146
2018,2,Wangpicheon,312
2018,2,Sueocheon,279
2018,2,Yeongdeokosipcheon,210
2018,2,Imhadaem,166
2018,2,Taehwagang,144
2018,2,Seomjingang_Daem,205
2018,2,Paldangdaem,58
2018,2,Hwangryonggang,210
2018,2,Gumibo(nakdonggumi),136
2018,2,Seomjingang_Daemharyu,138
2018,2,Yangyang_Namdaecheon,340
2018,2,Nakdonggang_Hagueon,181
2018,2,Yeongdongcheon,153
2018,2,Andongdaemharyu,175
2018,2,Milyanggang,213
2018,2,Yongdamdaemharyu,88
2018,2,Namhangangsangryu,120
2018,2,Yongdamdaem,158
2018,2,Wando,176
2018,2,Seomgang,97
2018,2,Pyeonghwauidaem,52
2018,2,Osucheon,181
2018,2,Bunam_Seawall,44
2018,2,Daecheongdaemharyu,61
2018,2,Dalcheon,152
2018,2,Bocheongcheon,126
2019,1,Hangang_Goyang,176
2019,1,Hyeongsangang,244
2019,1,Suyeonggang,244
2019,1,Saemangeum(jiksocheon),142
2019,1,Gangjeonggoryeongbo(nakdongwaegwan),169
2019,1,Namgang,151
2019,1,Seomjingokseong,143
2019,1,Geumhogang,261
2019,1,Gapcheon,151
2019,1,Yeongsangang_Hagueon,41
2019,1,Changnyeonghapcheonbo(nakdonggoryeong),129
2019,1,Gamcheon,78
2019,1,Soyanggang,199
2019,1,Namhaedo,243
2019,1,Geumsanmyeon,91
2019,1,Tamjingang,189
2019,1,Watancheon,239
2019,1,Daeho_Seawall,69
2019,1,Yeongsangang_Sangryu,199
2019,1,Byeongseongcheon,104
2019,1,Geojedo,276
2019,1,Hangang_Jamsil,223
2019,1,Imjingangharyu,164
2019,1,Gangreung_Namdaecheon,332
2019,1,Chungjudaem,239
2019,1,Seomjingang_Seonamhae,272
2019,1,Hantangang,271
2019,1,Daecheongdaem,183
2019,1,Yeongsangang_Haryu,124
2019,1,Jejunamhae,61
2019,1,Yeongamcheon,89
2019,1,Imjingangsangryu,43
2019,1,Gahwacheon,363
2019,1,Hangang_Seoul,182
2019,1,Mihocheon,171
2019,1,Jujincheon,235
2019,1,Muju_Namdaecheon,126
2019,1,Inbukcheon,166
2019,1,Daejongcheon,179
2019,1,Sunchang,154
2019,1,Hwanggang,134
2019,1,Hoecheon,144
2019,1,Uiamdaem,228
2019,1,Gomakwoncheon,111
2019,1,Jejuseohae,29
2019,1,Sihwaho,99
2019,1,Seomjingang_Haryu,279
2019,1,Anseongcheon,102
2019,1,Geumgang_Gongju,244
2019,1,Dongjingang,264
2019,1,Namhangangharyu,296
2019,1,Naeseongcheon,193
2019,1,Pyeongchanggang,290
2019,1,Nonsancheon,165
2019,1,Sapgyocheon,156
2019,1,Isacheon,326
2019,1,Jejubukhae,42
2019,1,Samcheokosipcheon,249
2019,1,Yeosusi,40
2019,1,Juamdaem,243
2019,1,Cheongpyeongdaem,217
2019,1,Geumgang_Hagueon,89
2019,1,Yeongsangang_Jungryu(juksanbo),142
2019,1,Hapcheondaem,148
2019,1,Geumgang_Seohae,241
2019,1,Hangang_Seohae,172
2019,1,Jiseokcheon,188
2019,1,Nakdongchangnyeong,197
2019,1,Yocheon,162
2019,1,Nakdongsangju,120
2019,1,Jindo,103
2019,1,Sinangun,46
2019,1,Hongcheongang,201
2019,1,Mangyeonggang,246
2019,1,Yeonggang,174
2019,1,Nakdonggang_Namhae,311
2019,1,Namgangdaem,202
2019,1,Chuncheondaem,207
2019,1,Andongdaem,208
2019,1,Nakdongmilyang,159
2019,1,Chungjudaemharyu,148
2019,1,Daecheongdaemsangryu,82
2019,1,Wicheon,161
2019,1,Gyeongancheon,183
2019,1,Chogang,126
2019,1,Boseonggang,101
2019,1,Hoeyagang,190
2019,1,Wangpicheon,321
2019,1,Sueocheon,249
2019,1,Yeongdeokosipcheon,230
2019,1,Imhadaem,260
2019,1,Taehwagang,179
2019,1,Seomjingang_Daem,210
2019,1,Paldangdaem,28
2019,1,Hwangryonggang,150
2019,1,Gumibo(nakdonggumi),80
2019,1,Seomjingang_Daemharyu,171
2019,1,Yangyang_Namdaecheon,356
2019,1,Nakdonggang_Hagueon,132
2019,1,Yeongdongcheon,120
2019,1,Andongdaemharyu,152
2019,1,Milyanggang,213
2019,1,Yongdamdaemharyu,72
2019,1,Namhangangsangryu,231
2019,1,Yongdamdaem,155
2019,1,Wando,97
2019,1,Seomgang,275
2019,1,Pyeonghwauidaem,88
2019,1,Osucheon,136
2019,1,Bunam_Seawall,184
2019,1,Daecheongdaemharyu,80
2019,1,Dalcheon,247
2019,1,Bocheongcheon,159
2019,2,Hangang_Goyang,155
2019,2,Hyeongsangang,250
2019,2,Suyeonggang,248
2019,2,Saemangeum(jiksocheon),137
2019,2,Gangjeonggoryeongbo(nakdongwaegwan),161
2019,2,Namgang,134
2019,2,Seomjingokseong,141
2019,2,Geumhogang,277
2019,2,Gapcheon,150
2019,2,Yeongsangang_Hagueon,29
2019,2,Changnyeonghapcheonbo(nakdonggoryeong),139
2019,2,Gamcheon,90
2019,2,Soyanggang,162
2019,2,Namhaedo,268
2019,2,Geumsanmyeon,69
2019,2,Tamjingang,192
2019,2,Watancheon,236
2019,2,Daeho_Seawall,92
2019,2,Yeongsangang_Sangryu,175
2019,2,Byeongseongcheon,116
2019,2,Geojedo,278
2019,2,Hangang_Jamsil,202
2019,2,Imjingangharyu,152
2019,2,Gangreung_Namdaecheon,299
2019,2,Chungjudaem,265
2019,2,Seomjingang_Seonamhae,262
2019,2,Hantangang,259
2019,2,Daecheongdaem,172
2019,2,Yeongsangang_Haryu,130
2019,2,Jejunamhae,72
2019,2,Yeongamcheon,78
2019,2,Imjingangsangryu,65
2019,2,Gahwacheon,373
2019,2,Hangang_Seoul,188
2019,2,Mihocheon,167
2019,2,Jujincheon,246
2019,2,Muju_Namdaecheon,116
2019,2,Inbukcheon,149
2019,2,Daejongcheon,198
2019,2,Sunchang,143
2019,2,Hwanggang,141
2019,2,Hoecheon,146
2019,2,Uiamdaem,229
2019,2,Gomakwoncheon,105
2019,2,Jejuseohae,28
2019,2,Sihwaho,111
2019,2,Seomjingang_Haryu,235
2019,2,Anseongcheon,138
2019,2,Geumgang_Gongju,242
2019,2,Dongjingang,284
2019,2,Namhangangharyu,260
2019,2,Naeseongcheon,201
2019,2,Pyeongchanggang,258
2019,2,Nonsancheon,156
2019,2,Sapgyocheon,184
2019,2,Isacheon,266
2019,2,Jejubukhae,43
2019,2,Samcheokosipcheon,246
2019,2,Yeosusi,41
2019,2,Juamdaem,233
2019,2,Cheongpyeongdaem,206
2019,2,Geumgang_Hagueon,78
2019,2,Yeongsangang_Jungryu(juksanbo),150
2019,2,Hapcheondaem,132
2019,2,Geumgang_Seohae,260
2019,2,Hangang_Seohae,194
2019,2,Jiseokcheon,160
2019,2,Nakdongchangnyeong,203
2019,2,Yocheon,129
2019,2,Nakdongsangju,141
2019,2,Jindo,126
2019,2,Sinangun,43
2019,2,Hongcheongang,183
2019,2,Mangyeonggang,268
2019,2,Yeonggang,164
2019,2,Nakdonggang_Namhae,324
2019,2,Namgangdaem,207
2019,2,Chuncheondaem,188
2019,2,Andongdaem,249
2019,2,Nakdongmilyang,145
2019,2,Chungjudaemharyu,177
2019,2,Daecheongdaemsangryu,71
2019,2,Wicheon,127
2019,2,Gyeongancheon,169
2019,2,Chogang,99
2019,2,Boseonggang,89
2019,2,Hoeyagang,202
2019,2,Wangpicheon,332
2019,2,Sueocheon,196
2019,2,Yeongdeokosipcheon,260
2019,2,Imhadaem,297
2019,2,Taehwagang,178
2019,2,Seomjingang_Daem,215
2019,2,Paldangdaem,36
2019,2,Hwangryonggang,152
2019,2,Gumibo(nakdonggumi),90
2019,2,Seomjingang_Daemharyu,143
2019,2,Yangyang_Namdaecheon,282
2019,2,Nakdonggang_Hagueon,133
2019,2,Yeongdongcheon,118
2019,2,Andongdaemharyu,154
2019,2,Milyanggang,202
2019,2,Yongdamdaemharyu,76
2019,2,Namhangangsangryu,250
2019,2,Yongdamdaem,147
2019,2,Wando,90
2019,2,Seomgang,270
2019,2,Pyeonghwauidaem,82
2019,2,Osucheon,145
2019,2,Bunam_Seawall,230
2019,2,Daecheongdaemharyu,83
2019,2,Dalcheon,266
2019,2,Bocheongcheon,152
2020,1,Hangang_Goyang,235
2020,1,Hyeongsangang,117
2020,1,Suyeonggang,243
2020,1,Saemangeum(jiksocheon),129
2020,1,Gangjeonggoryeongbo(nakdongwaegwan),204
2020,1,Namgang,227
2020,1,Seomjingokseong,163
2020,1,Geumhogang,194
2020,1,Gapcheon,141
2020,1,Yeongsangang_Hagueon,67
2020,1,Changnyeonghapcheonbo(nakdonggoryeong),203
2020,1,Gamcheon,160
2020,1,Soyanggang,137
2020,1,Namhaedo,234
2020,1,Geumsanmyeon,45
2020,1,Tamjingang,276
2020,1,Watancheon,296
2020,1,Daeho_Seawall,156
2020,1,Yeongsangang_Sangryu,229
2020,1,Byeongseongcheon,73
2020,1,Geojedo,238
2020,1,Hangang_Jamsil,133
2020,1,Imjingangharyu,38
2020,1,Gangreung_Namdaecheon,209
2020,1,Chungjudaem,246
2020,1,Seomjingang_Seonamhae,219
2020,1,Hantangang,163
2020,1,Daecheongdaem,108
2020,1,Yeongsangang_Haryu,164
2020,1,Jejunamhae,28
2020,1,Yeongamcheon,124
2020,1,Imjingangsangryu,120
2020,1,Gahwacheon,346
2020,1,Hangang_Seoul,196
2020,1,Mihocheon,207
2020,1,Jujincheon,278
2020,1,Muju_Namdaecheon,121
2020,1,Inbukcheon,101
2020,1,Daejongcheon,170
2020,1,Sunchang,198
2020,1,Hwanggang,152
2020,1,Hoecheon,185
2020,1,Uiamdaem,196
2020,1,Gomakwoncheon,164
2020,1,Jejuseohae,29
2020,1,Sihwaho,119
2020,1,Seomjingang_Haryu,279
2020,1,Anseongcheon,225
2020,1,Geumgang_Gongju,328
2020,1,Dongjingang,226
2020,1,Namhangangharyu,364
2020,1,Naeseongcheon,183
2020,1,Pyeongchanggang,150
2020,1,Nonsancheon,195
2020,1,Sapgyocheon,311
2020,1,Isacheon,200
2020,1,Jejubukhae,23
2020,1,Samcheokosipcheon,179
2020,1,Yeosusi,34
2020,1,Juamdaem,234
2020,1,Cheongpyeongdaem,188
2020,1,Geumgang_Hagueon,158
2020,1,Yeongsangang_Jungryu(juksanbo),164
2020,1,Hapcheondaem,213
2020,1,Geumgang_Seohae,212
2020,1,Hangang_Seohae,228
2020,1,Jiseokcheon,228
2020,1,Nakdongchangnyeong,159
2020,1,Yocheon,217
2020,1,Nakdongsangju,83
2020,1,Jindo,173
2020,1,Sinangun,41
2020,1,Hongcheongang,181
2020,1,Mangyeonggang,241
2020,1,Yeonggang,117
2020,1,Nakdonggang_Namhae,261
2020,1,Namgangdaem,296
2020,1,Chuncheondaem,200
2020,1,Andongdaem,143
2020,1,Nakdongmilyang,186
2020,1,Chungjudaemharyu,128
2020,1,Daecheongdaemsangryu,112
2020,1,Wicheon,169
2020,1,Gyeongancheon,197
2020,1,Chogang,130
2020,1,Boseonggang,139
2020,1,Hoeyagang,197
2020,1,Wangpicheon,271
2020,1,Sueocheon,175
2020,1,Yeongdeokosipcheon,226
2020,1,Imhadaem,155
2020,1,Taehwagang,162
2020,1,Seomjingang_Daem,242
2020,1,Paldangdaem,53
2020,1,Hwangryonggang,216
2020,1,Gumibo(nakdonggumi),109
2020,1,Seomjingang_Daemharyu,156
2020,1,Yangyang_Namdaecheon,348
2020,1,Nakdonggang_Hagueon,215
2020,1,Yeongdongcheon,121
2020,1,Andongdaemharyu,149
2020,1,Milyanggang,190
2020,1,Yongdamdaemharyu,81
2020,1,Namhangangsangryu,139
2020,1,Yongdamdaem,160
2020,1,Wando,160
2020,1,Seomgang,124
2020,1,Pyeonghwauidaem,38
2020,1,Osucheon,206
2020,1,Bunam_Seawall,170
2020,1,Daecheongdaemharyu,58
2020,1,Dalcheon,193
2020,1,Bocheongcheon,128
2020,2,Hangang_Goyang,189
2020,2,Hyeongsangang,143
2020,2,Suyeonggang,237
2020,2,Saemangeum(jiksocheon),119
2020,2,Gangjeonggoryeongbo(nakdongwaegwan),237
2020,2,Namgang,210
2020,2,Seomjingokseong,118
2020,2,Geumhogang,226
2020,2,Gapcheon,118
2020,2,Yeongsangang_Hagueon,68
2020,2,Changnyeonghapcheonbo(nakdonggoryeong),178
2020,2,Gamcheon,164
2020,2,Soyanggang,121
2020,2,Namhaedo,256
2020,2,Geumsanmyeon,47
2020,2,Tamjingang,267
2020,2,Watancheon,265
2020,2,Daeho_Seawall,123
2020,2,Yeongsangang_Sangryu,216
2020,2,Byeongseongcheon,78
2020,2,Geojedo,235
2020,2,Hangang_Jamsil,122
2020,2,Imjingangharyu,21
2020,2,Gangreung_Namdaecheon,196
2020,2,Chungjudaem,211
2020,2,Seomjingang_Seonamhae,216
2020,2,Hantangang,138
2020,2,Daecheongdaem,112
2020,2,Yeongsangang_Haryu,154
2020,2,Jejunamhae,26
2020,2,Yeongamcheon,144
2020,2,Imjingangsangryu,107
2020,2,Gahwacheon,365
2020,2,Hangang_Seoul,178
2020,2,Mihocheon,160
2020,2,Jujincheon,270
2020,2,Muju_Namdaecheon,98
2020,2,Inbukcheon,78
2020,2,Daejongcheon,140
2020,2,Sunchang,179
2020,2,Hwanggang,127
2020,2,Hoecheon,165
2020,2,Uiamdaem,169
2020,2,Gomakwoncheon,148
2020,2,Jejuseohae,29
2020,2,Sihwaho,115
2020,2,Seomjingang_Haryu,256
2020,2,Anseongcheon,205
2020,2,Geumgang_Gongju,301
2020,2,Dongjingang,218
2020,2,Namhangangharyu,321
2020,2,Naeseongcheon,169
2020,2,Pyeongchanggang,148
2020,2,Nonsancheon,152
2020,2,Sapgyocheon,273
2020,2,Isacheon,211
2020,2,Jejubukhae,26
2020,2,Samcheokosipcheon,139
2020,2,Yeosusi,35
2020,2,Juamdaem,247
2020,2,Cheongpyeongdaem,167
2020,2,Geumgang_Hagueon,121
2020,2,Yeongsangang_Jungryu(juksanbo),148
2020,2,Hapcheondaem,166
2020,2,Geumgang_Seohae,232
2020,2,Hangang_Seohae,215
2020,2,Jiseokcheon,202
2020,2,Nakdongchangnyeong,163
2020,2,Yocheon,204
2020,2,Nakdongsangju,73
2020,2,Jindo,167
2020,2,Sinangun,47
2020,2,Hongcheongang,184
2020,2,Mangyeonggang,248
2020,2,Yeonggang,86
2020,2,Nakdonggang_Namhae,308
2020,2,Namgangdaem,270
2020,2,Chuncheondaem,163
2020,2,Andongdaem,102
2020,2,Nakdongmilyang,203
2020,2,Chungjudaemharyu,91
2020,2,Daecheongdaemsangryu,110
2020,2,Wicheon,157
2020,2,Gyeongancheon,190
2020,2,Chogang,120
2020,2,Boseonggang,132
2020,2,Hoeyagang,219
2020,2,Wangpicheon,235
2020,2,Sueocheon,175
2020,2,Yeongdeokosipcheon,242
2020,2,Imhadaem,149
2020,2,Taehwagang,157
2020,2,Seomjingang_Daem,177
2020,2,Paldangdaem,60
2020,2,Hwangryonggang,210
2020,2,Gumibo(nakdonggumi),137
2020,2,Seomjingang_Daemharyu,117
2020,2,Yangyang_Namdaecheon,288
2020,2,Nakdonggang_Hagueon,204
2020,2,Yeongdongcheon,122
2020,2,Andongdaemharyu,130
2020,2,Milyanggang,204
2020,2,Yongdamdaemharyu,62
2020,2,Namhangangsangryu,112
2020,2,Yongdamdaem,137
2020,2,Wando,133
2020,2,Seomgang,138
2020,2,Pyeonghwauidaem,48
2020,2,Osucheon,179
2020,2,Bunam_Seawall,155
2020,2,Daecheongdaemharyu,79
2020,2,Dalcheon,158
2020,2,Bocheongcheon,125
2021,1,Hangang_Goyang,212
2021,1,Hyeongsangang,142
2021,1,Suyeonggang,324
2021,1,Saemangeum(jiksocheon),162
2021,1,Gangjeonggoryeongbo(nakdongwaegwan),191
2021,1,Namgang,192
2021,1,Seomjingokseong,137
2021,1,Geumhogang,249
2021,1,Gapcheon,142
2021,1,Yeongsangang_Hagueon,73
2021,1,Changnyeonghapcheonbo(nakdonggoryeong),199
2021,1,Gamcheon,153
2021,1,Soyanggang,110
2021,1,Namhaedo,203
2021,1,Geumsanmyeon,94
2021,1,Tamjingang,190
2021,1,Watancheon,215
2021,1,Daeho_Seawall,154
2021,1,Yeongsangang_Sangryu,196
2021,1,Byeongseongcheon,67
2021,1,Geojedo,240
2021,1,Hangang_Jamsil,131
2021,1,Imjingangharyu,48
2021,1,Gangreung_Namdaecheon,204
2021,1,Chungjudaem,195
2021,1,Seomjingang_Seonamhae,267
2021,1,Hantangang,153
2021,1,Daecheongdaem,105
2021,1,Yeongsangang_Haryu,207
2021,1,Jejunamhae,31
2021,1,Yeongamcheon,144
2021,1,Imjingangsangryu,98
2021,1,Gahwacheon,376
2021,1,Hangang_Seoul,207
2021,1,Mihocheon,154
2021,1,Jujincheon,242
2021,1,Muju_Namdaecheon,87
2021,1,Inbukcheon,77
2021,1,Daejongcheon,148
2021,1,Sunchang,179
2021,1,Hwanggang,203
2021,1,Hoecheon,188
2021,1,Uiamdaem,152
2021,1,Gomakwoncheon,169
2021,1,Jejuseohae,41
2021,1,Sihwaho,74
2021,1,Seomjingang_Haryu,329
2021,1,Anseongcheon,235
2021,1,Geumgang_Gongju,319
2021,1,Dongjingang,225
2021,1,Namhangangharyu,327
2021,1,Naeseongcheon,141
2021,1,Pyeongchanggang,120
2021,1,Nonsancheon,193
2021,1,Sapgyocheon,307
2021,1,Isacheon,217
2021,1,Jejubukhae,41
2021,1,Samcheokosipcheon,172
2021,1,Yeosusi,58
2021,1,Juamdaem,237
2021,1,Cheongpyeongdaem,174
2021,1,Geumgang_Hagueon,158
2021,1,Yeongsangang_Jungryu(juksanbo),170
2021,1,Hapcheondaem,190
2021,1,Geumgang_Seohae,212
2021,1,Hangang_Seohae,252
2021,1,Jiseokcheon,212
2021,1,Nakdongchangnyeong,201
2021,1,Yocheon,181
2021,1,Nakdongsangju,117
2021,1,Jindo,129
2021,1,Sinangun,43
2021,1,Hongcheongang,202
2021,1,Mangyeonggang,293
2021,1,Yeonggang,123
2021,1,Nakdonggang_Namhae,328
2021,1,Namgangdaem,284
2021,1,Chuncheondaem,164
2021,1,Andongdaem,122
2021,1,Nakdongmilyang,187
2021,1,Chungjudaemharyu,89
2021,1,Daecheongdaemsangryu,103
2021,1,Wicheon,153
2021,1,Gyeongancheon,146
2021,1,Chogang,126
2021,1,Boseonggang,191
2021,1,Hoeyagang,160
2021,1,Wangpicheon,233
2021,1,Sueocheon,209
2021,1,Yeongdeokosipcheon,221
2021,1,Imhadaem,188
2021,1,Taehwagang,264
2021,1,Seomjingang_Daem,217
2021,1,Paldangdaem,50
2021,1,Hwangryonggang,214
2021,1,Gumibo(nakdonggumi),87
2021,1,Seomjingang_Daemharyu,141
2021,1,Yangyang_Namdaecheon,259
2021,1,Nakdonggang_Hagueon,172
2021,1,Yeongdongcheon,162
2021,1,Andongdaemharyu,169
2021,1,Milyanggang,220
2021,1,Yongdamdaemharyu,69
2021,1,Namhangangsangryu,108
2021,1,Yongdamdaem,156
2021,1,Wando,89
2021,1,Seomgang,152
2021,1,Pyeonghwauidaem,32
2021,1,Osucheon,200
2021,1,Bunam_Seawall,118
2021,1,Daecheongdaemharyu,67
2021,1,Dalcheon,171
2021,1,Bocheongcheon,127
2021,2,Hangang_Goyang,236
2021,2,Hyeongsangang,142
2021,2,Suyeonggang,266
2021,2,Saemangeum(jiksocheon),136
2021,2,Gangjeonggoryeongbo(nakdongwaegwan),180
2021,2,Namgang,211
2021,2,Seomjingokseong,135
2021,2,Geumhogang,235
2021,2,Gapcheon,125
2021,2,Yeongsangang_Hagueon,77
2021,2,Changnyeonghapcheonbo(nakdonggoryeong),226
2021,2,Gamcheon,119
2021,2,Soyanggang,129
2021,2,Namhaedo,182
2021,2,Geumsanmyeon,110
2021,2,Tamjingang,195
2021,2,Watancheon,190
2021,2,Daeho_Seawall,139
2021,2,Yeongsangang_Sangryu,196
2021,2,Byeongseongcheon,74
2021,2,Geojedo,169
2021,2,Hangang_Jamsil,173
2021,2,Imjingangharyu,41
2021,2,Gangreung_Namdaecheon,190
2021,2,Chungjudaem,185
2021,2,Seomjingang_Seonamhae,257
2021,2,Hantangang,167
2021,2,Daecheongdaem,111
2021,2,Yeongsangang_Haryu,182
2021,2,Jejunamhae,49
2021,2,Yeongamcheon,167
2021,2,Imjingangsangryu,107
2021,2,Gahwacheon,304
2021,2,Hangang_Seoul,203
2021,2,Mihocheon,157
2021,2,Jujincheon,226
2021,2,Muju_Namdaecheon,92
2021,2,Inbukcheon,98
2021,2,Daejongcheon,133
2021,2,Sunchang,170
2021,2,Hwanggang,188
2021,2,Hoecheon,202
2021,2,Uiamdaem,170
2021,2,Gomakwoncheon,180
2021,2,Jejuseohae,42
2021,2,Sihwaho,69
2021,2,Seomjingang_Haryu,312
2021,2,Anseongcheon,231
2021,2,Geumgang_Gongju,332
2021,2,Dongjingang,191
2021,2,Namhangangharyu,299
2021,2,Naeseongcheon,134
2021,2,Pyeongchanggang,165
2021,2,Nonsancheon,200
2021,2,Sapgyocheon,237
2021,2,Isacheon,207
2021,2,Jejubukhae,37
2021,2,Samcheokosipcheon,176
2021,2,Yeosusi,72
2021,2,Juamdaem,220
2021,2,Cheongpyeongdaem,208
2021,2,Geumgang_Hagueon,148
2021,2,Yeongsangang_Jungryu(juksanbo),143
2021,2,Hapcheondaem,164
2021,2,Geumgang_Seohae,212
2021,2,Hangang_Seohae,269
2021,2,Jiseokcheon,208
2021,2,Nakdongchangnyeong,211
2021,2,Yocheon,176
2021,2,Nakdongsangju,126
2021,2,Jindo,140
2021,2,Sinangun,46
2021,2,Hongcheongang,188
2021,2,Mangyeonggang,243
2021,2,Yeonggang,128
2021,2,Nakdonggang_Namhae,275
2021,2,Namgangdaem,252
2021,2,Chuncheondaem,201
2021,2,Andongdaem,112
2021,2,Nakdongmilyang,214
2021,2,Chungjudaemharyu,76
2021,2,Daecheongdaemsangryu,88
2021,2,Wicheon,126
2021,2,Gyeongancheon,185
2021,2,Chogang,114
2021,2,Boseonggang,161
2021,2,Hoeyagang,167
2021,2,Wangpicheon,220
2021,2,Sueocheon,217
2021,2,Yeongdeokosipcheon,196
2021,2,Imhadaem,151
2021,2,Taehwagang,262
2021,2,Seomjingang_Daem,195
2021,2,Paldangdaem,23
2021,2,Hwangryonggang,217
2021,2,Gumibo(nakdonggumi),74
2021,2,Seomjingang_Daemharyu,121
2021,2,Yangyang_Namdaecheon,269
2021,2,Nakdonggang_Hagueon,188
2021,2,Yeongdongcheon,137
2021,2,Andongdaemharyu,163
2021,2,Milyanggang,207
2021,2,Yongdamdaemharyu,74
2021,2,Namhangangsangryu,106
2021,2,Yongdamdaem,147
2021,2,Wando,76
2021,2,Seomgang,137
2021,2,Pyeonghwauidaem,47
2021,2,Osucheon,182
2021,2,Bunam_Seawall,127
2021,2,Daecheongdaemharyu,79
2021,2,Dalcheon,157
2021,2,Bocheongcheon,122
2022,1,Hangang_Goyang,200
2022,1,Hyeongsangang,262
2022,1,Suyeonggang,273
2022,1,Saemangeum(jiksocheon),126
2022,1,Gangjeonggoryeongbo(nakdongwaegwan),159
2022,1,Namgang,157
2022,1,Seomjingokseong,171
2022,1,Geumhogang,269
2022,1,Gapcheon,150
2022,1,Yeongsangang_Hagueon,55
2022,1,Changnyeonghapcheonbo(nakdonggoryeong),137
2022,1,Gamcheon,63
2022,1,Soyanggang,179
2022,1,Namhaedo,232
2022,1,Geumsanmyeon,74
2022,1,Tamjingang,202
2022,1,Watancheon,257
2022,1,Daeho_Seawall,72
2022,1,Yeongsangang_Sangryu,197
2022,1,Byeongseongcheon,123
2022,1,Geojedo,331
2022,1,Hangang_Jamsil,233
2022,1,Imjingangharyu,176
2022,1,Gangreung_Namdaecheon,295
2022,1,Chungjudaem,221
2022,1,Seomjingang_Seonamhae,265
2022,1,Hantangang,271
2022,1,Daecheongdaem,175
2022,1,Yeongsangang_Haryu,149
2022,1,Jejunamhae,105
2022,1,Yeongamcheon,88
2022,1,Imjingangsangryu,51
2022,1,Gahwacheon,371
2022,1,Hangang_Seoul,226
2022,1,Mihocheon,175
2022,1,Jujincheon,239
2022,1,Muju_Namdaecheon,133
2022,1,Inbukcheon,164
2022,1,Daejongcheon,153
2022,1,Sunchang,167
2022,1,Hwanggang,128
2022,1,Hoecheon,175
2022,1,Uiamdaem,229
2022,1,Gomakwoncheon,116
2022,1,Jejuseohae,29
2022,1,Sihwaho,109
2022,1,Seomjingang_Haryu,285
2022,1,Anseongcheon,142
2022,1,Geumgang_Gongju,198
2022,1,Dongjingang,248
2022,1,Namhangangharyu,271
2022,1,Naeseongcheon,210
2022,1,Pyeongchanggang,213
2022,1,Nonsancheon,161
2022,1,Sapgyocheon,173
2022,1,Isacheon,316
2022,1,Jejubukhae,59
2022,1,Samcheokosipcheon,203
2022,1,Yeosusi,34
2022,1,Juamdaem,260
2022,1,Cheongpyeongdaem,234
2022,1,Geumgang_Hagueon,68
2022,1,Yeongsangang_Jungryu(juksanbo),162
2022,1,Hapcheondaem,167
2022,1,Geumgang_Seohae,279
2022,1,Hangang_Seohae,185
2022,1,Jiseokcheon,172
2022,1,Nakdongchangnyeong,165
2022,1,Yocheon,179
2022,1,Nakdongsangju,128
2022,1,Jindo,135
2022,1,Sinangun,60
2022,1,Hongcheongang,207
2022,1,Mangyeonggang,249
2022,1,Yeonggang,154
2022,1,Nakdonggang_Namhae,391
2022,1,Namgangdaem,222
2022,1,Chuncheondaem,219
2022,1,Andongdaem,208
2022,1,Nakdongmilyang,220
2022,1,Chungjudaemharyu,155
2022,1,Daecheongdaemsangryu,72
2022,1,Wicheon,200
2022,1,Gyeongancheon,184
2022,1,Chogang,102
2022,1,Boseonggang,117
2022,1,Hoeyagang,183
2022,1,Wangpicheon,260
2022,1,Sueocheon,219
2022,1,Yeongdeokosipcheon,193
2022,1,Imhadaem,274
2022,1,Taehwagang,208
2022,1,Seomjingang_Daem,247
2022,1,Paldangdaem,52
2022,1,Hwangryonggang,157
2022,1,Gumibo(nakdonggumi),93
2022,1,Seomjingang_Daemharyu,176
2022,1,Yangyang_Namdaecheon,336
2022,1,Nakdonggang_Hagueon,167
2022,1,Yeongdongcheon,111
2022,1,Andongdaemharyu,192
2022,1,Milyanggang,224
2022,1,Yongdamdaemharyu,81
2022,1,Namhangangsangryu,221
2022,1,Yongdamdaem,167
2022,1,Wando,110
2022,1,Seomgang,258
2022,1,Pyeonghwauidaem,80
2022,1,Osucheon,162
2022,1,Bunam_Seawall,174
2022,1,Daecheongdaemharyu,78
2022,1,Dalcheon,239
2022,1,Bocheongcheon,139
2022,2,Hangang_Goyang,171
2022,2,Hyeongsangang,268
2022,2,Suyeonggang,231
2022,2,Saemangeum(jiksocheon),120
2022,2,Gangjeonggoryeongbo(nakdongwaegwan),152
2022,2,Namgang,144
2022,2,Seomjingokseong,136
2022,2,Geumhogang,258
2022,2,Gapcheon,133
2022,2,Yeongsangang_Hagueon,45
2022,2,Changnyeonghapcheonbo(nakdonggoryeong),126
2022,2,Gamcheon,74
2022,2,Soyanggang,155
2022,2,Namhaedo,232
2022,2,Geumsanmyeon,64
2022,2,Tamjingang,177
2022,2,Watancheon,248
2022,2,Daeho_Seawall,74
2022,2,Yeongsangang_Sangryu,201
2022,2,Byeongseongcheon,128
2022,2,Geojedo,271
2022,2,Hangang_Jamsil,216
2022,2,Imjingangharyu,176
2022,2,Gangreung_Namdaecheon,312
2022,2,Chungjudaem,207
2022,2,Seomjingang_Seonamhae,259
2022,2,Hantangang,237
2022,2,Daecheongdaem,151
2022,2,Yeongsangang_Haryu,156
2022,2,Jejunamhae,84
2022,2,Yeongamcheon,74
2022,2,Imjingangsangryu,62
2022,2,Gahwacheon,333
2022,2,Hangang_Seoul,214
2022,2,Mihocheon,161
2022,2,Jujincheon,231
2022,2,Muju_Namdaecheon,101
2022,2,Inbukcheon,154
2022,2,Daejongcheon,198
2022,2,Sunchang,133
2022,2,Hwanggang,112
2022,2,Hoecheon,149
2022,2,Uiamdaem,224
2022,2,Gomakwoncheon,107
2022,2,Jejuseohae,39
2022,2,Sihwaho,128
2022,2,Seomjingang_Haryu,226
2022,2,Anseongcheon,164
2022,2,Geumgang_Gongju,195
2022,2,Dongjingang,224
2022,2,Namhangangharyu,222
2022,2,Naeseongcheon,206
2022,2,Pyeongchanggang,196
2022,2,Nonsancheon,160
2022,2,Sapgyocheon,163
2022,2,Isacheon,272
2022,2,Jejubukhae,62
2022,2,Samcheokosipcheon,169
2022,2,Yeosusi,23
2022,2,Juamdaem,240
2022,2,Cheongpyeongdaem,193
2022,2,Geumgang_Hagueon,74
2022,2,Yeongsangang_Jungryu(juksanbo),129
2022,2,Hapcheondaem,146
2022,2,Geumgang_Seohae,242
2022,2,Hangang_Seohae,214
2022,2,Jiseokcheon,149
2022,2,Nakdongchangnyeong,165
2022,2,Yocheon,173
2022,2,Nakdongsangju,122
2022,2,Jindo,150
2022,2,Sinangun,60
2022,2,Hongcheongang,188
2022,2,Mangyeonggang,236
2022,2,Yeonggang,155
2022,2,Nakdonggang_Namhae,359
2022,2,Namgangdaem,199
2022,2,Chuncheondaem,188
2022,2,Andongdaem,207
2022,2,Nakdongmilyang,211
2022,2,Chungjudaemharyu,148
2022,2,Daecheongdaemsangryu,61
2022,2,Wicheon,188
2022,2,Gyeongancheon,198
2022,2,Chogang,87
2022,2,Boseonggang,104
2022,2,Hoeyagang,194
2022,2,Wangpicheon,294
2022,2,Sueocheon,213
2022,2,Yeongdeokosipcheon,245
2022,2,Imhadaem,255
2022,2,Taehwagang,200
2022,2,Seomjingang_Daem,225
2022,2,Paldangdaem,38
2022,2,Hwangryonggang,150
2022,2,Gumibo(nakdonggumi),104
2022,2,Seomjingang_Daemharyu,152
2022,2,Yangyang_Namdaecheon,331
2022,2,Nakdonggang_Hagueon,159
2022,2,Yeongdongcheon,99
2022,2,Andongdaemharyu,168
2022,2,Milyanggang,214
2022,2,Yongdamdaemharyu,65
2022,2,Namhangangsangryu,188
2022,2,Yongdamdaem,153
2022,2,Wando,114
2022,2,Seomgang,212
2022,2,Pyeonghwauidaem,72
2022,2,Osucheon,155
2022,2,Bunam_Seawall,174
2022,2,Daecheongdaemharyu,70
2022,2,Dalcheon,253
2022,2,Bocheongcheon,128
2023,1,Hangang_Goyang,172
2023,1,Hyeongsangang,134
2023,1,Suyeonggang,248
2023,1,Saemangeum(jiksocheon),124
2023,1,Gangjeonggoryeongbo(nakdongwaegwan),196
2023,1,Namgang,176
2023,1,Seomjingokseong,157
2023,1,Geumhogang,221
2023,1,Gapcheon,140
2023,1,Yeongsangang_Hagueon,79
2023,1,Changnyeonghapcheonbo(nakdonggoryeong),174
2023,1,Gamcheon,178
2023,1,Soyanggang,115
2023,1,Namhaedo,232
2023,1,Geumsanmyeon,29
2023,1,Tamjingang,248
2023,1,Watancheon,259
2023,1,Daeho_Seawall,146
2023,1,Yeongsangang_Sangryu,242
2023,1,Byeongseongcheon,152
2023,1,Geojedo,212
2023,1,Hangang_Jamsil,100
2023,1,Imjingangharyu,29
2023,1,Gangreung_Namdaecheon,195
2023,1,Chungjudaem,229
2023,1,Seomjingang_Seonamhae,218
2023,1,Hantangang,142
2023,1,Daecheongdaem,141
2023,1,Yeongsangang_Haryu,185
2023,1,Jejunamhae,21
2023,1,Yeongamcheon,137
2023,1,Imjingangsangryu,91
2023,1,Gahwacheon,283
2023,1,Hangang_Seoul,151
2023,1,Mihocheon,164
2023,1,Jujincheon,279
2023,1,Muju_Namdaecheon,112
2023,1,Inbukcheon,90
2023,1,Daejongcheon,152
2023,1,Sunchang,187
2023,1,Hwanggang,125
2023,1,Hoecheon,162
2023,1,Uiamdaem,138
2023,1,Gomakwoncheon,158
2023,1,Jejuseohae,27
2023,1,Sihwaho,128
2023,1,Seomjingang_Haryu,274
2023,1,Anseongcheon,209
2023,1,Geumgang_Gongju,385
2023,1,Dongjingang,195
2023,1,Namhangangharyu,319
2023,1,Naeseongcheon,145
2023,1,Pyeongchanggang,135
2023,1,Nonsancheon,193
2023,1,Sapgyocheon,321
2023,1,Isacheon,214
2023,1,Jejubukhae,20
2023,1,Samcheokosipcheon,183
2023,1,Yeosusi,21
2023,1,Juamdaem,283
2023,1,Cheongpyeongdaem,151
2023,1,Geumgang_Hagueon,162
2023,1,Yeongsangang_Jungryu(juksanbo),178
2023,1,Hapcheondaem,203
2023,1,Geumgang_Seohae,248
2023,1,Hangang_Seohae,223
2023,1,Jiseokcheon,213
2023,1,Nakdongchangnyeong,154
2023,1,Yocheon,195
2023,1,Nakdongsangju,116
2023,1,Jindo,139
2023,1,Sinangun,42
2023,1,Hongcheongang,149
2023,1,Mangyeonggang,255
2023,1,Yeonggang,106
2023,1,Nakdonggang_Namhae,285
2023,1,Namgangdaem,243
2023,1,Chuncheondaem,186
2023,1,Andongdaem,124
2023,1,Nakdongmilyang,229
2023,1,Chungjudaemharyu,107
2023,1,Daecheongdaemsangryu,105
2023,1,Wicheon,229
2023,1,Gyeongancheon,148
2023,1,Chogang,128
2023,1,Boseonggang,189
2023,1,Hoeyagang,232
2023,1,Wangpicheon,267
2023,1,Sueocheon,149
2023,1,Yeongdeokosipcheon,225
2023,1,Imhadaem,162
2023,1,Taehwagang,184
2023,1,Seomjingang_Daem,182
2023,1,Paldangdaem,41
2023,1,Hwangryonggang,187
2023,1,Gumibo(nakdonggumi),132
2023,1,Seomjingang_Daemharyu,136
2023,1,Yangyang_Namdaecheon,293
2023,1,Nakdonggang_Hagueon,219
2023,1,Yeongdongcheon,136
2023,1,Andongdaemharyu,165
2023,1,Milyanggang,210
2023,1,Yongdamdaemharyu,78
2023,1,Namhangangsangryu,123
2023,1,Yongdamdaem,157
2023,1,Wando,146
2023,1,Seomgang,145
2023,1,Pyeonghwauidaem,28
2023,1,Osucheon,179
2023,1,Bunam_Seawall,171
2023,1,Daecheongdaemharyu,81
2023,1,Dalcheon,188
2023,1,Bocheongcheon,129
2023,2,Hangang_Goyang,167
2023,2,Hyeongsangang,165
2023,2,Suyeonggang,244
2023,2,Saemangeum(jiksocheon),115
2023,2,Gangjeonggoryeongbo(nakdongwaegwan),202
2023,2,Namgang,185
2023,2,Seomjingokseong,123
2023,2,Geumhogang,236
2023,2,Gapcheon,109
2023,2,Yeongsangang_Hagueon,80
2023,2,Changnyeonghapcheonbo(nakdonggoryeong),151
2023,2,Gamcheon,159
2023,2,Soyanggang,100
2023,2,Namhaedo,214
2023,2,Geumsanmyeon,37
2023,2,Tamjingang,248
2023,2,Watancheon,252
2023,2,Daeho_Seawall,157
2023,2,Yeongsangang_Sangryu,232
2023,2,Byeongseongcheon,125
2023,2,Geojedo,241
2023,2,Hangang_Jamsil,102
2023,2,Imjingangharyu,41
2023,2,Gangreung_Namdaecheon,229
2023,2,Chungjudaem,176
2023,2,Seomjingang_Seonamhae,229
2023,2,Hantangang,149
2023,2,Daecheongdaem,112
2023,2,Yeongsangang_Haryu,207
2023,2,Jejunamhae,24
2023,2,Yeongamcheon,134
2023,2,Imjingangsangryu,113
2023,2,Gahwacheon,316
2023,2,Hangang_Seoul,160
2023,2,Mihocheon,194
2023,2,Jujincheon,267
2023,2,Muju_Namdaecheon,107
2023,2,Inbukcheon,71
2023,2,Daejongcheon,158
2023,2,Sunchang,163
2023,2,Hwanggang,118
2023,2,Hoecheon,144
2023,2,Uiamdaem,136
2023,2,Gomakwoncheon,165
2023,2,Jejuseohae,19
2023,2,Sihwaho,160
2023,2,Seomjingang_Haryu,259
2023,2,Anseongcheon,219
2023,2,Geumgang_Gongju,342
2023,2,Dongjingang,196
2023,2,Namhangangharyu,301
2023,2,Naeseongcheon,104
2023,2,Pyeongchanggang,121
2023,2,Nonsancheon,169
2023,2,Sapgyocheon,319
2023,2,Isacheon,203
2023,2,Jejubukhae,23
2023,2,Samcheokosipcheon,176
2023,2,Yeosusi,27
2023,2,Juamdaem,247
2023,2,Cheongpyeongdaem,171
2023,2,Geumgang_Hagueon,147
2023,2,Yeongsangang_Jungryu(juksanbo),182
2023,2,Hapcheondaem,153
2023,2,Geumgang_Seohae,269
2023,2,Hangang_Seohae,223
2023,2,Jiseokcheon,208
2023,2,Nakdongchangnyeong,144
2023,2,Yocheon,175
2023,2,Nakdongsangju,102
2023,2,Jindo,147
2023,2,Sinangun,64
2023,2,Hongcheongang,166
2023,2,Mangyeonggang,249
2023,2,Yeonggang,80
2023,2,Nakdonggang_Namhae,313
2023,2,Namgangdaem,222
2023,2,Chuncheondaem,171
2023,2,Andongdaem,104
2023,2,Nakdongmilyang,234
2023,2,Chungjudaemharyu,108
2023,2,Daecheongdaemsangryu,97
2023,2,Wicheon,215
2023,2,Gyeongancheon,178
2023,2,Chogang,119
2023,2,Boseonggang,161
2023,2,Hoeyagang,236
2023,2,Wangpicheon,258
2023,2,Sueocheon,169
2023,2,Yeongdeokosipcheon,278
2023,2,Imhadaem,130
2023,2,Taehwagang,191
2023,2,Seomjingang_Daem,157
2023,2,Paldangdaem,55
2023,2,Hwangryonggang,200
2023,2,Gumibo(nakdonggumi),127
2023,2,Seomjingang_Daemharyu,104
2023,2,Yangyang_Namdaecheon,277
2023,2,Nakdonggang_Hagueon,237
2023,2,Yeongdongcheon,111
2023,2,Andongdaemharyu,108
2023,2,Milyanggang,220
2023,2,Yongdamdaemharyu,64
2023,2,Namhangangsangryu,104
2023,2,Yongdamdaem,123
2023,2,Wando,156
2023,2,Seomgang,137
2023,2,Pyeonghwauidaem,33
2023,2,Osucheon,123
2023,2,Bunam_Seawall,178
2023,2,Daecheongdaemharyu,64
2023,2,Dalcheon,189
2023,2,Bocheongcheon,127
2018,1,Namhaedongbu,230
2018,1,Namhaeseobu,524
2018,1,Seohae,256
2018,2,Namhaedongbu,50
2018,2,Namhaeseobu,135
2018,2,Seohae,25
2019,1,Namhaedongbu,222
2019,1,Namhaeseobu,311
2019,1,Seohae,158
2019,2,Namhaedongbu,130
2019,2,Namhaeseobu,292
2019,2,Seohae,136
2020,1,Namhaedongbu,109
2020,1,Namhaeseobu,461
2020,1,Seohae,216
2020,2,Namhaedongbu,42
2020,2,Namhaeseobu,484
2020,2,Seohae,149
2021,1,Namhaedongbu,65
2021,1,Namhaeseobu,292
2021,1,Seohae,670
2021,2,Namhaedongbu,174
2021,2,Namhaeseobu,360
2021,2,Seohae,274
2022,1,Namhaedongbu,41
2022,1,Namhaeseobu,135
2022,1,Seohae,13
2022,2,Namhaedongbu,30
2022,2,Namhaeseobu,93
2022,2,Seohae,4
2023,1,Namhaedongbu,321
2023,1,Namhaeseobu,76
2023,1,Seohae,24
2023,2,Namhaedongbu,548
2023,2,Namhaeseobu,217
2023,2,Seohae,28
